{"cameraMode":{"drawMode":0,"name":"Shaded","section":"Shading Mode"},"sceneLighting":false,"audioPlay":false,"sceneViewState":{"showFog":true,"showMaterialUpdate":false,"showSkybox":false,"showFlares":true,"showImageEffects":true,"showParticleSystems":true},"in2DMode":false,"pivot":{"x":-11.053999900817871,"y":0.7138001918792725,"z":-2.305999994277954},"rotation":{"x":-0.014733554795384407,"y":0.9784764051437378,"z":-0.0753084346652031,"w":-0.19175125658512116},"size":1.0957462787628174,"orthographic":false}