{"cameraMode":{"drawMode":0,"name":"Shaded","section":"Shading Mode"},"sceneLighting":true,"audioPlay":false,"sceneViewState":{"showFog":true,"showMaterialUpdate":false,"showSkybox":true,"showFlares":true,"showImageEffects":true,"showParticleSystems":true},"in2DMode":false,"pivot":{"x":-5.374531269073486,"y":-0.24632877111434937,"z":3.2275640964508058},"rotation":{"x":0.30373111367225649,"y":-0.1923367828130722,"z":0.06269656866788864,"w":0.9311115741729736},"size":7.9435906410217289,"orthographic":false}